STATEFP,UNSDLEA,GEOID,NAME,LSAD,LOGRADE,HIGRADE,MTFCC,SDTYP,FUNCSTAT,ALAND,AWATER,INTPTLAT,INTPTLON
26,00005,2600005,Battle Creek Public Schools,00,PK,12,G5420,,E,107129014,1906207,+42.3315007,-085.2306005
26,00006,2600006,Bessemer Area School District,00,PK,12,G5420,,E,308868656,4042691,+46.3914205,-089.9231208
26,00007,2600007,Harbor Beach Community Schools,00,KG,12,G5420,,E,310229044,420618,+43.7762571,-082.6966110
26,00012,2600012,St. Ignace Area Schools,00,KG,12,G5420,,E,418012451,132591577,+46.0345710,-084.7509671
26,00013,2600013,Marquette Area Public Schools,00,KG,12,G5420,,E,329278844,2304501027,+46.7207110,-087.4117425
26,00014,2600014,Ewen-Trout Creek Consolidated Schools,00,PK,12,G5420,,E,1747638656,37579070,+46.5060245,-089.2513932
26,00015,2600015,Wayne-Westland Community School District,00,KG,12,G5420,,E,72346040,59004,+42.2917718,-083.3996200
26,00016,2600016,Crestwood School District,00,PK,12,G5420,,E,14069440,0,+42.3360258,-083.2936955
26,00017,2600017,Bad Axe Public Schools,00,KG,12,G5420,,E,232319398,453672,+43.8033427,-083.0109234
26,00018,2600018,L'Anse Area Schools,00,KG,12,G5420,,E,1871368324,211094813,+46.5638281,-088.7307210
26,00019,2600019,Superior Central Schools,00,KG,12,G5420,,E,587187057,6577195,+46.2689777,-086.9583586
26,01890,2601890,Adams Township School District,00,KG,12,G5420,,E,214774288,1675318,+47.0466293,-088.7328412
26,01920,2601920,Addison Community Schools,00,KG,12,G5420,,E,182344387,11566194,+41.9843327,-084.3460816
26,01950,2601950,Adrian City School District,00,KG,12,G5420,,E,177827900,1424796,+41.9137500,-084.0387613
26,01980,2601980,Airport Community School District,00,PK,12,G5420,,E,214222261,1322589,+42.0466849,-083.3751113
26,02010,2602010,Akron-Fairgrove Schools,00,KG,12,G5420,,E,238143552,505659,+43.5451084,-083.5536946
26,02040,2602040,Alba Public Schools,00,PK,12,G5420,,E,170885899,846450,+45.0056689,-084.9548233
26,02070,2602070,Albion Public Schools,00,PK,12,G5420,,E,166572982,2326467,+42.2608283,-084.7682613
26,02160,2602160,Alcona Community Schools,00,KG,12,G5420,,E,988752564,2878940730,+44.6934054,-083.2770563
26,02190,2602190,Algonac Community School District,00,KG,12,G5420,,E,110653105,134012353,+42.6119166,-082.6412238
26,02220,2602220,Allegan Public Schools,00,PK,12,G5420,,E,385970001,18987968,+42.5354046,-085.8891925
26,02520,2602520,Allen Park Public Schools,00,KG,12,G5420,,E,9654867,39623,+42.2489389,-083.2167222
26,02550,2602550,Allendale Public School District,00,PK,12,G5420,,E,80414468,2395826,+42.9775937,-085.9585688
26,02640,2602640,Alma Public Schools,00,PK,12,G5420,,E,261342929,2802572,+43.3831961,-084.7426195
26,02670,2602670,Almont Community Schools,00,KG,12,G5420,,E,148810419,608968,+42.9196598,-083.0341562
26,02730,2602730,Alpena Public Schools,00,KG,12,G5420,,E,1496787868,2921129586,+44.9119122,-083.3287039
26,02790,2602790,Anchor Bay School District,00,KG,12,G5420,,E,73845374,373400,+42.7027712,-082.7356101
26,02820,2602820,Ann Arbor Public Schools,00,PK,12,G5420,,E,264555235,4023724,+42.2879295,-083.7362970
26,03060,2603060,Arenac Eastern School District,00,KG,12,G5420,,E,224094632,4215593,+44.1089733,-083.8018794
26,03240,2603240,Armada Area Schools,00,PK,12,G5420,,E,191714080,248154,+42.8483674,-082.8912962
26,03480,2603480,Ashley Community Schools,00,KG,12,G5420,,E,155059099,523855,+43.1970872,-084.4140310
26,03510,2603510,Athens Area Schools,00,KG,12,G5420,,E,191068353,1871590,+42.1237707,-085.2458726
26,03540,2603540,Atherton Community Schools,00,KG,12,G5420,,E,23558092,32063,+42.9839793,-083.6217324
26,03570,2603570,Atlanta Community Schools,00,KG,12,G5420,,E,491407450,9265362,+45.0116805,-084.1553823
26,03600,2603600,Au Gres-Sims School District,00,KG,12,G5420,,E,176765588,341779425,+44.0511733,-083.5816052
26,03690,2603690,Avondale School District,00,KG,12,G5420,,E,31497407,61543,+42.6302577,-083.1890826
26,03810,2603810,Baldwin Community Schools,00,KG,12,G5420,,E,931737568,25436489,+43.9503361,-085.8707460
26,03870,2603870,Bangor Public Schools,00,KG,12,G5420,,E,218703508,4231015,+42.3131136,-086.1020043
26,03900,2603900,Bangor Township Schools,00,KG,12,G5420,,E,36544530,18369465,+43.6446843,-083.8955870
26,03990,2603990,Baraga Area Schools,00,KG,12,G5420,,E,531389216,7314315,+46.7560992,-088.5784264
26,04020,2604020,Bark River-Harris School District,00,KG,12,G5420,,E,459781978,411821,+45.7922299,-087.3759284
26,04170,2604170,Bath Community Schools,00,KG,12,G5420,,E,99914836,7404901,+42.8288357,-084.4447756
26,04260,2604260,Bay City School District,00,PK,12,G5420,,E,582945623,33898644,+43.6167647,-083.9620376
26,04290,2604290,Beal City Public Schools,00,PK,12,G5420,,E,122424843,1047608,+43.6769132,-084.8955143
26,04320,2604320,Bear Lake School District,00,KG,12,G5420,,E,132932469,7847327,+44.4456279,-086.1116860
26,04350,2604350,Beaver Island Community School,00,KG,12,G5420,,E,188271396,2430765255,+45.6006736,-085.5109990
26,04440,2604440,Beaverton Rural Schools,00,KG,12,G5420,,E,566314040,15930285,+43.9223510,-084.3748729
26,04470,2604470,Bedford Public Schools,00,KG,12,G5420,,E,102365548,596590,+41.7729858,-083.5965196
26,04500,2604500,Beecher Community School District,00,PK,12,G5420,,E,12989484,48650,+43.0898469,-083.6966646
26,04530,2604530,Belding Area School District,00,PK,12,G5420,,E,250724212,11000330,+43.0735575,-085.2493546
26,04620,2604620,Bellaire Public Schools,00,KG,12,G5420,,E,166907065,27079132,+44.9834015,-085.1998423
26,04650,2604650,Bellevue Community Schools,00,KG,12,G5420,,E,214716464,3158306,+42.4604341,-085.0547432
26,04740,2604740,Bendle Public Schools,00,PK,12,G5420,,E,5364830,5055,+42.9711943,-083.6675355
26,04800,2604800,Bentley Community Schools,00,KG,12,G5420,,E,14132417,0,+43.0157603,-083.6000592
26,04830,2604830,Benton Harbor Area Schools,00,PK,12,G5420,,E,149735222,2546174,+42.0982650,-086.3891525
26,04950,2604950,Benzie County Central School,00,KG,12,G5420,,E,866474608,85714599,+44.6200811,-085.9881170
26,05010,2605010,Berkley School District,00,PK,12,G5420,,E,12453544,0,+42.4908389,-083.1822593
26,05430,2605430,Berrien Springs Public Schools,00,PK,12,G5420,,E,146651279,5834482,+41.9496918,-086.3648808
26,05690,2605690,Big Bay de Noc School District,00,KG,12,G5420,,E,1282990285,1201738022,+45.7191095,-086.6701479
26,05780,2605780,Big Rapids Public Schools,00,KG,12,G5420,,E,338851531,9667682,+43.7043649,-085.4964670
26,05820,2605820,Birch Run Area School District,00,KG,12,G5420,,E,165852578,664278,+43.2581413,-083.8234294
26,05850,2605850,Birmingham City School District,00,PK,12,G5420,,E,62871548,1010897,+42.5395627,-083.2586992
26,06000,2606000,Blissfield Community Schools,00,KG,12,G5420,,E,309326486,955599,+41.8090229,-083.8755977
26,06090,2606090,Bloomfield Hills School District,00,PK,12,G5420,,E,60616854,4605138,+42.5798286,-083.2788848
26,06270,2606270,Bloomingdale Public School District,00,PK,12,G5420,,E,229535683,6480799,+42.4053220,-086.0152700
26,06500,2606500,Boyne City Public Schools,00,KG,12,G5420,,E,220504602,35272976,+45.2256945,-085.0270748
26,06510,2606510,Boyne Falls Public School District,00,KG,12,G5420,,E,138624637,2305371,+45.1437858,-084.8798672
26,06570,2606570,Brandon School District,00,PK,12,G5420,,E,138938324,4646808,+42.8408603,-083.4439952
26,06600,2606600,Brandywine Public School District,00,KG,12,G5420,,E,47822139,777194,+41.7816383,-086.2401843
26,06630,2606630,Breckenridge Community Schools,00,KG,12,G5420,,E,333014670,2391404,+43.4587464,-084.4397075
26,06720,2606720,Breitung Township Schools,00,KG,12,G5420,,E,178585193,10045614,+45.8689252,-088.0045207
26,06780,2606780,Bridgeport-Spaulding Community School District,00,KG,12,G5420,,E,156565804,5548649,+43.3500353,-083.9303190
26,06840,2606840,Bridgman Public Schools,00,KG,12,G5420,,E,50616701,151086,+41.9419641,-086.5441522
26,06870,2606870,Brighton Area Schools,00,KG,12,G5420,,E,137566370,11568115,+42.5181209,-083.7614046
26,06900,2606900,Brimley Area Schools,00,KG,12,G5420,,E,726554334,1414395820,+46.4663800,-084.8710885
26,06930,2606930,Britton-Macon Area School District,00,KG,12,G5420,,E,136125902,71530,+41.9986041,-083.8179227
26,06960,2606960,Bronson Community School District,00,KG,12,G5420,,E,388102981,4938123,+41.8574057,-085.1699374
26,06990,2606990,Columbia School District,00,KG,12,G5420,,E,215632166,17216836,+42.1020683,-084.2748299
26,07040,2607040,Brown City Community School District,00,KG,12,G5420,,E,292112868,1630798,+43.2105395,-082.9765932
26,07080,2607080,Flat Rock Community Schools,00,KG,12,G5420,,E,18881906,658099,+42.0977923,-083.2863966
26,07140,2607140,Buchanan Community School District,00,PK,12,G5420,,E,129101254,3543327,+41.8379226,-086.3804502
26,07170,2607170,Buckley Community School District,00,KG,12,G5420,,E,183398197,857068,+44.5085816,-085.6911608
26,07230,2607230,Buena Vista School District,00,PK,12,G5420,,E,56640013,1109417,+43.4324386,-083.8661986
26,07320,2607320,Bullock Creek School District,00,KG,12,G5420,,E,194418489,2462867,+43.5895736,-084.3996271
26,07410,2607410,Burr Oak Community School District,00,KG,12,G5420,,E,65528567,1267649,+41.8659481,-085.3388795
26,07470,2607470,Burt Township School District,00,KG,12,G5420,,E,596948294,3268575920,+46.6618448,-086.1716963
26,07530,2607530,Byron Area Schools,00,KG,12,G5420,,E,184379649,3231486,+42.8160688,-083.9735306
26,07560,2607560,Byron Center Public Schools,00,PK,12,G5420,,E,105199925,173367,+42.8059305,-085.7160163
26,07590,2607590,Cadillac Area Public Schools,00,KG,12,G5420,,E,638491346,17968634,+44.2440320,-085.5653238
26,07620,2607620,Caledonia Community Schools,00,PK,12,G5420,,E,239450314,4890787,+42.8144637,-085.5105546
26,07690,2607690,Calumet Public Schools,00,PK,12,G5420,,E,1037555615,13827161557,+47.4586941,-088.1623741
26,07710,2607710,Camden-Frontier School District,00,KG,12,G5420,,E,246279018,1960608,+41.7566810,-084.6843937
26,07800,2607800,Capac Community School District,00,PK,12,G5420,,E,274932096,1615435,+43.0198743,-082.9005019
26,07890,2607890,Carman-Ainsworth Community School District,00,KG,12,G5420,,E,68743460,340724,+42.9669711,-083.7428493
26,08010,2608010,Carney-Nadeau Public Schools,00,KG,12,G5420,,E,283900787,236477,+45.5792120,-087.4964489
26,08040,2608040,Caro Community Schools,00,KG,12,G5420,,E,296118120,8657255,+43.4851923,-083.3803405
26,08070,2608070,Carrollton School District,00,PK,12,G5420,,E,8588638,461287,+43.4593114,-083.9391379
26,08130,2608130,Carson City-Crystal Area School District,00,KG,12,G5420,,E,390368696,5029462,+43.1804911,-084.8695460
26,08160,2608160,Carsonville-Port Sanilac School District,00,KG,12,G5420,,E,208049418,629777,+43.4066671,-082.6385218
26,08280,2608280,Caseville Public Schools,00,KG,12,G5420,,E,24807072,738624,+43.9441484,-083.2513448
26,08400,2608400,Cass City Public Schools,00,PK,12,G5420,,E,505423910,4610186,+43.5819535,-083.1342697
26,08430,2608430,Cassopolis Public Schools,00,KG,12,G5420,,E,323022534,12257439,+41.8904079,-085.9851438
26,08520,2608520,Cedar Springs Public Schools,00,PK,12,G5420,,E,283022891,8019292,+43.2276460,-085.5010413
26,08580,2608580,Center Line Public Schools,00,KG,12,G5420,,E,13190660,0,+42.4819528,-083.0334329
26,08610,2608610,Central Lake Public Schools,00,KG,12,G5420,,E,144663851,17095322,+45.0680596,-085.2382649
26,08640,2608640,Central Montcalm Public Schools,00,PK,12,G5420,,E,380551968,8080045,+43.2538890,-085.0636844
26,08670,2608670,Centreville Public Schools,00,KG,12,G5420,,E,155310549,6535852,+41.9057312,-085.5323498
26,08730,2608730,Charlevoix Public Schools,00,KG,12,G5420,,E,212155486,25522555,+45.2805079,-085.2451722
26,08770,2608770,Charlotte Public Schools,00,KG,12,G5420,,E,339519329,844817,+42.6042516,-084.8268716
26,08880,2608880,Chassell Township School District,00,KG,12,G5420,,E,125102290,8914140,+46.9825681,-088.5342965
26,08910,2608910,Cheboygan Area Schools,00,KG,12,G5420,,E,629524990,253553147,+45.6000995,-084.4354728
26,08940,2608940,Chelsea School District,00,KG,12,G5420,,E,310955304,14947773,+42.3190099,-084.0488939
26,09150,2609150,Chesaning Union Schools,00,KG,12,G5420,,E,421410127,2632406,+43.1996029,-084.1263903
26,09560,2609560,Chippewa Hills School District,00,KG,12,G5420,,E,921982501,31812873,+43.6711525,-085.1369454
26,09570,2609570,Chippewa Valley Schools,00,PK,12,G5420,,E,71165924,317609,+42.6248210,-082.9332451
26,09750,2609750,Clare Public Schools,00,PK,12,G5420,,E,321784314,2700787,+43.8378325,-084.7171680
26,09840,2609840,Clarenceville School District,00,PK,12,G5420,,E,9585895,0,+42.4375705,-083.3365987
26,09900,2609900,Clarkston Community School District,00,PK,12,G5420,,E,144419801,6205950,+42.7412908,-083.4269192
26,09930,2609930,Clawson City School District,00,PK,12,G5420,,E,5723497,0,+42.5366625,-083.1504875
26,10020,2610020,Climax-Scotts Community School District,00,KG,12,G5420,,E,157617148,1115439,+42.2102165,-085.3636147
26,10050,2610050,Clinton Community Schools,00,KG,12,G5420,,E,136831792,2198482,+42.0836035,-083.9776565
26,10080,2610080,Clintondale Community Schools,00,PK,12,G5420,,E,9979007,80038,+42.5542261,-082.9027213
26,10110,2610110,Clio Area School District,00,PK,12,G5420,,E,153133899,493164,+43.1829004,-083.7227148
26,10140,2610140,Coldwater Community Schools,00,PK,12,G5420,,E,354146560,19229868,+41.9121998,-084.9972719
26,10200,2610200,Coleman Community School District,00,KG,12,G5420,,E,294392947,5039831,+43.7205411,-084.5585986
26,10380,2610380,Coloma Community Schools,00,PK,12,G5420,,E,107287025,3769480,+42.1902546,-086.3285585
26,10410,2610410,Colon Community School District,00,KG,12,G5420,,E,255302432,7969865,+41.9813933,-085.3242183
26,10560,2610560,Fairview Area School District,00,KG,12,G5420,,E,826087788,8840449,+44.7427157,-083.9505087
26,10590,2610590,Comstock Public Schools,00,KG,12,G5420,,E,64484792,2296964,+42.2792561,-085.5022789
26,10620,2610620,Comstock Park Public Schools,00,PK,12,G5420,,E,24758225,1036895,+43.0627291,-085.6572599
26,10650,2610650,Concord Community Schools,00,KG,12,G5420,,E,177814562,3299197,+42.1656661,-084.6260137
26,10750,2610750,Constantine Public School District,00,KG,12,G5420,,E,244984295,9075487,+41.8338850,-085.7665851
26,10830,2610830,Coopersville Public School District,00,KG,12,G5420,,E,282717141,2044186,+43.0690351,-085.9156045
26,10860,2610860,Corunna Public School District,00,KG,12,G5420,,E,259777235,1550193,+42.9976578,-084.0566006
26,10980,2610980,Covert Public Schools,00,KG,12,G5420,,E,95139109,148292,+42.2902927,-086.2774848
26,11030,2611030,Crawford AuSable Schools,00,KG,12,G5420,,E,1157293540,17289435,+44.7172077,-084.6459674
26,11140,2611140,Croswell-Lexington Community School District,00,KG,12,G5420,,E,432073479,1749827,+43.2439177,-082.6347222
26,11190,2611190,Forest Park School District,00,KG,12,G5420,,E,1582261533,68981474,+46.2063578,-088.3258257
26,11400,2611400,Dansville Schools,00,KG,12,G5420,,E,227244312,406972,+42.5592193,-084.2762842
26,11430,2611430,Davison Community Schools,00,KG,12,G5420,,E,157346765,1160394,+43.0277710,-083.5133682
26,11550,2611550,DeWitt Public Schools,00,KG,12,G5420,,E,47031816,615160,+42.8284454,-084.5923022
26,11600,2611600,Dearborn City School District,00,PK,12,G5420,,E,68389900,677396,+42.3158735,-083.2171750
26,11610,2611610,Dearborn Heights School District 7,00,PK,12,G5420,,E,5657443,85,+42.2759227,-083.2466934
26,11640,2611640,Westwood Community Schools,00,KG,12,G5420,,E,9546223,1610,+42.2875924,-083.2919840
26,11670,2611670,Decatur Public Schools,00,KG,12,G5420,,E,206026571,4551230,+42.1021021,-085.9991228
26,11700,2611700,Deckerville Community School District,00,KG,12,G5420,,E,454598783,451626,+43.5625969,-082.7458636
26,11730,2611730,Deerfield Public Schools,00,KG,12,G5420,,E,72137829,459132,+41.8904336,-083.7982180
26,11910,2611910,Delton-Kellogg School District,00,KG,12,G5420,,E,273777606,29666200,+42.5060679,-085.4172287
26,11970,2611970,DeTour Area Schools,00,KG,12,G5420,,E,588297383,1209454945,+45.9563283,-083.8350977
26,12000,2612000,Detroit City School District,00,PK,12,G5420,,E,359546712,10745113,+42.3830375,-083.1022365
26,12030,2612030,Dexter Community School District,00,KG,12,G5420,,E,211860179,6057385,+42.3620182,-083.8843371
26,12150,2612150,Dowagiac Union Schools,00,KG,12,G5420,,E,299201081,13045912,+42.0153845,-086.1267355
26,12240,2612240,Dryden Community Schools,00,KG,12,G5420,,E,88718209,2318939,+42.9375613,-083.1740106
26,12300,2612300,Dundee Community Schools,00,KG,12,G5420,,E,188018730,1500997,+41.9811201,-083.6401908
26,12330,2612330,Durand Area Schools,00,PK,12,G5420,,E,163262797,2260264,+42.9159494,-083.9932607
26,12420,2612420,East China School District,00,KG,12,G5420,,E,323208606,13054948,+42.7800288,-082.5687813
26,12450,2612450,East Detroit Public Schools,00,KG,12,G5420,,E,15850307,5331,+42.4660175,-082.9553717
26,12480,2612480,East Grand Rapids Public School District,00,KG,12,G5420,,E,8402865,1212235,+42.9465811,-085.6067625
26,12540,2612540,East Jackson Community Schools,00,KG,12,G5420,,E,87407845,3961928,+42.2996165,-084.3027838
26,12560,2612560,East Jordan Public Schools,00,KG,12,G5420,,E,273802381,25660831,+45.1452189,-085.1162046
26,12600,2612600,East Lansing School District,00,PK,12,G5420,,E,36485092,219902,+42.7364314,-084.4800042
26,12690,2612690,Eaton Rapids Public Schools,00,KG,12,G5420,,E,307428339,2816508,+42.5157665,-084.6579405
26,12810,2612810,Eau Claire Public Schools,00,KG,12,G5420,,E,126862284,2695441,+42.0152442,-086.2917599
26,12930,2612930,Ecorse Public School District,00,KG,12,G5420,,E,6890213,2244925,+42.2495635,-083.1403182
26,12960,2612960,Montabella Community Schools,00,KG,12,G5420,,E,379588686,2717678,+43.4623906,-085.0332702
26,12990,2612990,Edwardsburg Public Schools,00,KG,12,G5420,,E,158698484,6891545,+41.7863685,-086.0574795
26,13050,2613050,Elk Rapids Schools,00,KG,12,G5420,,E,259297216,75374420,+44.8472155,-085.3637973
26,13090,2613090,Elkton-Pigeon-Bay Port Schools,00,KG,12,G5420,,E,510214758,1464297,+43.8389935,-083.2110774
26,13110,2613110,Ellsworth Community Schools,00,KG,12,G5420,,E,115578421,2708007,+45.1668966,-085.2920719
26,13500,2613500,Escanaba Area Public Schools,00,KG,12,G5420,,E,467933862,51790463,+45.7797541,-087.2121808
26,13530,2613530,Essexville-Hampton Public Schools,00,KG,12,G5420,,E,47805975,14338408,+43.6195302,-083.7899930
26,13560,2613560,Evart Public Schools,00,KG,12,G5420,,E,510161857,9980904,+43.9181261,-085.2328170
26,14070,2614070,Farmington Public School District,00,PK,12,G5420,,E,89888215,58353,+42.4856480,-083.3759608
26,14100,2614100,Farwell Area Schools,00,KG,12,G5420,,E,463520666,14810099,+43.8797383,-084.9310104
26,14230,2614230,Fennville Public Schools,00,PK,12,G5420,,E,290310346,5234652,+42.5558426,-086.1072802
26,14250,2614250,Fenton Area Public Schools,00,PK,12,G5420,,E,90722904,5974087,+42.7531413,-083.7151430
26,14280,2614280,Ferndale Public Schools,00,KG,12,G5420,,E,12008540,0,+42.4605498,-083.1432804
26,14460,2614460,Fitzgerald Public Schools,00,KG,12,G5420,,E,12000376,0,+42.4621485,-083.0638435
26,14520,2614520,Flint City School District,00,PK,12,G5420,,E,77683561,1150028,+43.0289175,-083.6876886
26,14550,2614550,Flushing Community Schools,00,PK,12,G5420,,E,140081729,1550220,+43.0677598,-083.8583082
26,14570,2614570,Forest Area Community Schools,00,KG,12,G5420,,E,293315305,5790672,+44.5911673,-085.3024312
26,14610,2614610,Forest Hills Public Schools,00,KG,12,G5420,,E,153133086,4305516,+42.9579957,-085.5183449
26,14690,2614690,Gwinn Area Community Schools,00,KG,12,G5420,,E,906847755,15317793,+46.3181777,-087.3730336
26,14700,2614700,Fowler Public Schools,00,PK,12,G5420,,E,138765888,478663,+43.0205233,-084.7346032
26,14730,2614730,Fowlerville Community Schools,00,KG,12,G5420,,E,301019150,1633037,+42.6563711,-084.0859905
26,14760,2614760,Frankenmuth School District,00,KG,12,G5420,,E,174696614,664911,+43.3575621,-083.7485103
26,14790,2614790,Frankfort-Elberta Area Schools,00,KG,12,G5420,,E,99879786,1312787659,+44.6636776,-086.2575003
26,14820,2614820,Fraser Public Schools,00,KG,12,G5420,,E,20999205,94094,+42.5489887,-082.9476608
26,15060,2615060,Freeland Community School District,00,PK,12,G5420,,E,119362424,1342646,+43.5141536,-084.1060875
26,15090,2615090,Free Soil Community Schools,00,KG,12,G5420,,E,202706997,1305958,+44.1230503,-086.1735606
26,15150,2615150,Fremont Public School District,00,KG,12,G5420,,E,377172990,16825049,+43.4657578,-085.9515969
26,15390,2615390,Fruitport Community Schools,00,PK,12,G5420,,E,123373153,1325917,+43.1431772,-086.1361298
26,15420,2615420,Fulton Schools,00,PK,12,G5420,,E,267093027,3049375,+43.1566529,-084.6738053
26,15450,2615450,Galesburg-Augusta Community School District,00,KG,12,G5420,,E,133768129,4617823,+42.2889450,-085.3831665
26,15480,2615480,Galien Township School District,00,KG,12,G5420,,E,127928887,1173329,+41.7995913,-086.4799782
26,15540,2615540,Garden City School District,00,KG,12,G5420,,E,15355395,0,+42.3245054,-083.3412792
26,15600,2615600,Engadine Consolidated Schools,00,KG,12,G5420,,E,1127652353,1445423780,+46.0700510,-085.2907193
26,15730,2615730,Gaylord Community Schools,00,KG,12,G5420,,E,700990748,20623423,+44.9957979,-084.7205910
26,15750,2615750,Genesee School District,00,PK,12,G5420,,E,14406580,1233940,+43.1281061,-083.6075036
26,15830,2615830,Gerrish-Higgins School District,00,KG,12,G5420,,E,828244338,61554921,+44.4818178,-084.5299114
26,15870,2615870,Gibraltar School District,00,PK,12,G5420,,E,40927721,24226757,+42.0759287,-083.2004101
26,15970,2615970,Gladstone Area Schools,00,KG,12,G5420,,E,229250194,13900422,+45.8624502,-087.1328319
26,15990,2615990,Gladwin Community Schools,00,KG,12,G5420,,E,559259300,14864935,+44.0394656,-084.4792314
26,16020,2616020,Glen Lake Community Schools,00,KG,12,G5420,,E,395332686,1948293990,+45.0097693,-086.1362990
26,16050,2616050,Gobles Public School District,00,KG,12,G5420,,E,142786266,3913292,+42.3519652,-085.8372996
26,16080,2616080,Godfrey-Lee Public Schools,00,PK,12,G5420,,E,3583018,117450,+42.9323526,-085.6977639
26,16110,2616110,Godwin Heights Public Schools,00,PK,12,G5420,,E,9639164,0,+42.8988684,-085.6653431
26,16320,2616320,Goodrich Area Schools,00,KG,12,G5420,,E,120085849,5309864,+42.9155298,-083.4997755
26,16350,2616350,Grand Blanc Community Schools,00,KG,12,G5420,,E,100239875,637173,+42.9193699,-083.6364015
26,16380,2616380,Grand Haven Area Public Schools,00,PK,12,G5420,,E,222384065,9731186,+43.0117240,-086.1618229
26,16410,2616410,Grand Ledge Public Schools,00,PK,12,G5420,,E,307686944,2818366,+42.7632956,-084.7524595
26,16440,2616440,Grand Rapids Public Schools,00,PK,12,G5420,,E,109367989,2230185,+42.9641316,-085.6585188
26,16470,2616470,Grandville Public Schools,00,KG,12,G5420,,E,99924556,3807530,+42.9198409,-085.7771811
26,16500,2616500,Grant Public School District,00,PK,12,G5420,,E,299348779,5221624,+43.3255518,-085.8055530
26,16830,2616830,Grass Lake Community Schools,00,PK,12,G5420,,E,161807024,5819203,+42.2678971,-084.1965959
26,17160,2617160,Greenville Public Schools,00,KG,12,G5420,,E,332999470,15307302,+43.1923965,-085.2650715
26,17220,2617220,Grosse Ile Township Schools,00,KG,12,G5420,,E,23889863,24459691,+42.1298962,-083.1507699
26,17250,2617250,Gull Lake Community Schools,00,KG,12,G5420,,E,262984104,14657234,+42.3832742,-085.3889820
26,17370,2617370,Hale Area Schools,00,KG,12,G5420,,E,390161955,15265729,+44.3957580,-083.8148385
26,17400,2617400,Hamilton Community Schools,00,KG,12,G5420,,E,330135740,2800814,+42.6969367,-086.0088921
26,17520,2617520,Hamtramck Public Schools,00,KG,12,G5420,,E,5401831,0,+42.3953866,-083.0559508
26,17550,2617550,Hancock Public Schools,00,KG,12,G5420,,E,108702023,737720380,+47.2296976,-088.6216571
26,17640,2617640,Hanover-Horton Schools,00,KG,12,G5420,,E,163173687,6101976,+42.1087782,-084.5042835
26,17700,2617700,Harbor Springs School District,00,KG,12,G5420,,E,297649313,1016179,+45.5218751,-084.9907770
26,17730,2617730,Harper Creek Community Schools,00,KG,12,G5420,,E,192054518,3223274,+42.2490453,-085.1279426
26,17760,2617760,Harper Woods City Schools,00,KG,12,G5420,,E,4546195,0,+42.4366901,-082.9334390
26,17820,2617820,Harrison Community Schools,00,KG,12,G5420,,E,631022264,9605863,+44.0501896,-084.7841687
26,17860,2617860,Hart Public School District,00,KG,12,G5420,,E,358566574,494474209,+43.6512491,-086.5389118
26,17880,2617880,Hartford Public School District,00,KG,12,G5420,,E,141377100,2436896,+42.1819476,-086.1629444
26,17910,2617910,Hartland Consolidated Schools,00,KG,12,G5420,,E,236003952,6974676,+42.6626145,-083.7718750
26,17940,2617940,Haslett Public Schools,00,KG,12,G5420,,E,49906325,2416139,+42.7631383,-084.3793607
26,17970,2617970,Hastings Area School District,00,PK,12,G5420,,E,439949181,11397688,+42.5918963,-085.2802110
26,18030,2618030,Hazel Park City School District,00,PK,12,G5420,,E,9740544,0,+42.4622243,-083.1024313
26,18180,2618180,Hemlock Public School District,00,PK,12,G5420,,E,218612062,3021564,+43.4260469,-084.2140511
26,18270,2618270,Hesperia Community Schools,00,KG,12,G5420,,E,308004277,29904073,+43.6136772,-086.0544746
26,18330,2618330,Highland Park City Schools,00,KG,12,G5420,,E,7694309,0,+42.4052278,-083.0976471
26,18360,2618360,Hillman Community Schools,00,KG,12,G5420,,E,732252490,33972417,+45.0692339,-084.0430604
26,18390,2618390,Hillsdale Community Schools,00,PK,12,G5420,,E,175768111,5958473,+41.8862976,-084.6226982
26,18420,2618420,Holland City School District,00,PK,12,G5420,,E,42354092,2690556,+42.7725503,-086.1215320
26,18450,2618450,Holly Area School District,00,KG,12,G5420,,E,243411411,10270610,+42.7830707,-083.5838918
26,18480,2618480,Holt Public Schools,00,PK,12,G5420,,E,82206640,1294151,+42.6463056,-084.5757454
26,18510,2618510,Holton Public Schools,00,KG,12,G5420,,E,242024950,11183670,+43.3868858,-086.1116868
26,18540,2618540,Homer Community Schools,00,KG,12,G5420,,E,241884243,2067258,+42.1393326,-084.8198314
26,18570,2618570,Hopkins Public Schools,00,KG,12,G5420,,E,244706709,1768756,+42.6580269,-085.7706403
26,18600,2618600,Houghton Lake Community School District,00,KG,12,G5420,,E,1116097380,100783962,+44.2835095,-084.7013106
26,18720,2618720,Howell Public Schools,00,KG,12,G5420,,E,401754641,9576781,+42.6209237,-083.9337721
26,18810,2618810,Hudson Area Schools,00,KG,12,G5420,,E,223566634,3276838,+41.8629573,-084.3047636
26,18840,2618840,Hudsonville Public School District,00,PK,12,G5420,,E,204779314,460088,+42.8550625,-085.8746717
26,18930,2618930,Huron School District,00,KG,12,G5420,,E,100503359,1010886,+42.1332568,-083.3786942
26,18990,2618990,Huron Valley Schools,00,PK,12,G5420,,E,239953694,17493962,+42.6255577,-083.5961564
26,19050,2619050,Ida Public School District,00,KG,12,G5420,,E,166699328,587737,+41.8828834,-083.5622357
26,19100,2619100,Imlay City Community Schools,00,PK,12,G5420,,E,266488845,2977357,+43.0576257,-083.0804804
26,19140,2619140,Inkster City School District,00,PK,12,G5420,,E,8491055,0,+42.2860717,-083.3249128
26,19170,2619170,Inland Lakes Schools,00,KG,12,G5420,,E,348216875,71300836,+45.4075232,-084.5532619
26,19250,2619250,Ionia Public Schools,00,PK,12,G5420,,E,342824302,4919577,+43.0059557,-085.0096429
26,19410,2619410,Iron Mountain Public Schools,00,PK,12,G5420,,E,18141806,1734586,+45.8277282,-088.0615742
26,19470,2619470,Ironwood Area Schools,00,KG,12,G5420,,E,592982080,863933697,+46.6468337,-090.1148413
26,19530,2619530,Ishpeming Public School District,00,PK,12,G5420,,E,24279414,2445862,+46.4889381,-087.6671307
26,19580,2619580,Ithaca Public Schools,00,KG,12,G5420,,E,400837026,1166489,+43.2699254,-084.5918668
26,19620,2619620,Jackson Public Schools,00,PK,12,G5420,,E,99247644,2026880,+42.2144750,-084.4211786
26,19800,2619800,Jefferson Schools,00,PK,12,G5420,,E,90241629,9082846,+41.9756313,-083.2798437
26,19830,2619830,Jenison Public Schools,00,PK,12,G5420,,E,36813742,2124650,+42.9092107,-085.8194916
26,19890,2619890,Johannesburg-Lewiston Area School District,00,KG,12,G5420,,E,747907953,20138866,+44.9505534,-084.3829300
26,19920,2619920,Jonesville Community Schools,00,PK,12,G5420,,E,195384604,1688374,+42.0062613,-084.6351576
26,19950,2619950,Kalamazoo Public School District,00,PK,12,G5420,,E,140986915,1861951,+42.2782701,-085.6372993
26,20010,2620010,Kaleva Norman Dickson School District,00,KG,12,G5420,,E,748739037,12948744,+44.2747940,-085.9750087
26,20050,2620050,Kalkaska Public Schools,00,KG,12,G5420,,E,1129402337,23919714,+44.6061406,-084.9634416
26,20070,2620070,Kearsley Community Schools,00,KG,12,G5420,,E,54730854,2359731,+43.0731935,-083.6067556
26,20160,2620160,Kelloggsville Public Schools,00,KG,12,G5420,,E,10489651,9422,+42.8784370,-085.6721261
26,20280,2620280,Kenowa Hills Public Schools,00,KG,12,G5420,,E,121195286,518180,+43.0364717,-085.7573279
26,20310,2620310,Kent City Community Schools,00,KG,12,G5420,,E,174471429,1521027,+43.2414307,-085.7613500
26,20340,2620340,Kentwood Public Schools,00,PK,12,G5420,,E,62434387,122891,+42.8706135,-085.6084281
26,20380,2620380,Kingsley Area Schools,00,KG,12,G5420,,E,311139453,8442965,+44.5744783,-085.5517899
26,20400,2620400,Kingston Community School District,00,PK,12,G5420,,E,196811119,4541175,+43.4196174,-083.2160546
26,20550,2620550,Laingsburg Community School District,00,KG,12,G5420,,E,106837843,11060647,+42.8828839,-084.3713041
26,20610,2620610,Lake City Area School District,00,KG,12,G5420,,E,672976905,16533488,+44.4062461,-085.1063198
26,20670,2620670,Lake Fenton Community Schools,00,KG,12,G5420,,E,60472921,6499659,+42.8672354,-083.7260466
26,20700,2620700,Lake Linden-Hubbell School District,00,KG,12,G5420,,E,452422277,487110385,+47.0725998,-088.2717389
26,20730,2620730,Lake Orion Community Schools,00,PK,12,G5420,,E,121611073,7980343,+42.7576640,-083.2624307
26,20820,2620820,Lakeshore School District,00,KG,12,G5420,,E,94997339,1011886,+41.9927803,-086.4899815
26,20850,2620850,Lakeview School District,00,KG,12,G5420,,E,39341918,1557171,+42.2808862,-085.2129035
26,20880,2620880,Lakeview Public Schools,00,KG,12,G5420,,E,10066381,227734,+42.4864126,-082.9027719
26,20910,2620910,Lakeview Community Schools,00,PK,12,G5420,,E,483370957,11555312,+43.4023336,-085.2731004
26,20940,2620940,Lakeville Community Schools,00,PK,12,G5420,,E,228327666,9816423,+43.1691534,-083.4583866
26,20980,2620980,Lakewood Public Schools,00,KG,12,G5420,,E,554190849,4526186,+42.7738664,-085.1244460
26,21120,2621120,Lamphere Public Schools,00,KG,12,G5420,,E,13332900,0,+42.5189243,-083.1051631
26,21150,2621150,Lansing Public School District,00,PK,12,G5420,,E,131857556,2221601,+42.7390050,-084.5521996
26,21180,2621180,Lapeer Community Schools,00,KG,12,G5420,,E,504835108,23434918,+43.0331098,-083.3164244
26,21210,2621210,Lawrence Public School District,00,PK,12,G5420,,E,122740938,3410745,+42.2169212,-086.0441061
26,21240,2621240,Lawton Community School District,00,PK,12,G5420,,E,108939492,4062413,+42.1382734,-085.8421079
26,21390,2621390,Leland Public School District,00,KG,12,G5420,,E,174671887,275158183,+45.1238930,-085.9799661
26,21420,2621420,Les Cheneaux Community Schools,00,KG,12,G5420,,E,315705071,1006250307,+45.9220299,-084.4302599
26,21450,2621450,Leslie Public Schools,00,KG,12,G5420,,E,191232222,1052589,+42.4531285,-084.4444285
26,21570,2621570,Lincoln Consolidated School District,00,PK,12,G5420,,E,152421249,2543492,+42.1475003,-083.5802322
26,21600,2621600,Lincoln Park Public Schools,00,KG,12,G5420,,E,15165330,20489,+42.2432907,-083.1812577
26,21690,2621690,Linden Community Schools,00,KG,12,G5420,,E,117335517,7323979,+42.8072446,-083.8246821
26,21750,2621750,Litchfield Community Schools,00,KG,12,G5420,,E,148723643,727258,+42.0383171,-084.7863762
26,21810,2621810,Alanson Public Schools,00,KG,12,G5420,,E,103261217,5465665,+45.4574150,-084.8009640
26,21840,2621840,Livonia Public Schools,00,PK,12,G5420,,E,101006936,436578,+42.3863643,-083.3755439
26,21870,2621870,L'Anse Creuse Public Schools,00,PK,12,G5420,,E,89444676,3396978,+42.6201766,-082.8387914
26,22050,2622050,Lowell Area Schools,00,KG,12,G5420,,E,339764916,8558817,+42.9413545,-085.3664421
26,22200,2622200,Ludington Area School District,00,KG,12,G5420,,E,178173574,27063718,+43.9669775,-086.4242046
26,22230,2622230,Mackinac Island Public Schools,00,KG,12,G5420,,E,11275178,60044057,+45.8784816,-084.6445415
26,22260,2622260,Mackinaw City Public Schools,00,KG,12,G5420,,E,89569538,45870071,+45.7436506,-084.6966042
26,22290,2622290,Madison Public Schools,00,PK,12,G5420,,E,6156630,0,+42.4881371,-083.0997835
26,22320,2622320,Madison School District,00,PK,12,G5420,,E,32796770,45761,+41.8661433,-084.0259536
26,22350,2622350,Mancelona Public Schools,00,KG,12,G5420,,E,356172020,20264438,+44.8947554,-085.0632923
26,22380,2622380,Manchester Community Schools,00,KG,12,G5420,,E,241828886,3313465,+42.1701229,-084.0452024
26,22410,2622410,Manistee Area Schools,00,KG,12,G5420,,E,190827004,867957776,+44.1560346,-086.3999352
26,22470,2622470,Manistique Area Schools,00,PK,12,G5420,,E,2169985036,1821192156,+45.9868991,-086.1734159
26,22500,2622500,Manton Consolidated Schools,00,KG,12,G5420,,E,376161137,1387816,+44.4330806,-085.3949857
26,22620,2622620,Maple Valley Schools,00,PK,12,G5420,,E,334292175,2743529,+42.6116448,-085.0559167
26,22740,2622740,Marcellus Community Schools,00,KG,12,G5420,,E,258838859,9864619,+42.0214275,-085.8608863
26,22800,2622800,Marion Public Schools,00,KG,12,G5420,,E,426613260,3204437,+44.0832291,-085.1214649
26,22860,2622860,Marlette Community Schools,00,KG,12,G5420,,E,375769048,2948848,+43.3652873,-083.0528641
26,22970,2622970,Marshall Public Schools,00,KG,12,G5420,,E,264805279,5509085,+42.2617703,-084.9720470
26,22980,2622980,Martin Public Schools,00,KG,12,G5420,,E,157620807,2977692,+42.5464499,-085.6379568
26,23040,2623040,Marysville Public Schools,00,KG,12,G5420,,E,86631267,2885377,+42.8972590,-082.5458386
26,23070,2623070,Mason Public Schools,00,KG,12,G5420,,E,279061498,1017584,+42.5806399,-084.4618860
26,23100,2623100,Mason Consolidated Schools,00,KG,12,G5420,,E,83314662,15675741,+41.7912330,-083.4860026
26,23130,2623130,Mason County Central Schools,00,KG,12,G5420,,E,586951603,1762784907,+44.0819018,-086.4495977
26,23160,2623160,Mason County Eastern Schools,00,KG,12,G5420,,E,344000005,6271644,+43.9623427,-086.1556192
26,23250,2623250,Mattawan Consolidated School,00,KG,12,G5420,,E,136985744,3971280,+42.2032742,-085.7517501
26,23280,2623280,Mayville Community School District,00,PK,12,G5420,,E,239971665,3912185,+43.3327475,-083.3579696
26,23310,2623310,McBain Rural Agricultural Schools,00,PK,12,G5420,,E,459413447,2139396,+44.2157866,-085.1409502
26,23460,2623460,Melvindale-North Allen Park School District,00,KG,12,G5420,,E,14508387,165580,+42.2786701,-083.1909625
26,23490,2623490,Memphis Community Schools,00,KG,12,G5420,,E,153871401,422553,+42.9199831,-082.7325176
26,23520,2623520,Mendon Community School District,00,KG,12,G5420,,E,140090548,4445312,+42.0156463,-085.4736736
26,23550,2623550,Menominee Area Public Schools,00,KG,12,G5420,,E,225886383,380746370,+45.2824501,-087.4549396
26,23580,2623580,Meridian Public Schools,00,KG,12,G5420,,E,237514814,11569954,+43.7377224,-084.3781368
26,23610,2623610,Merrill Community Schools,00,PK,12,G5420,,E,260453615,893626,+43.3806225,-084.3206034
26,23670,2623670,Mesick Consolidated Schools,00,KG,12,G5420,,E,508662571,8694916,+44.3849254,-085.7049736
26,23790,2623790,Michigan Center School District,00,KG,12,G5420,,E,37955855,3268943,+42.2293241,-084.3015944
26,23820,2623820,Midland Public Schools,00,KG,12,G5420,,E,351471691,7688397,+43.6769781,-084.2375149
26,23830,2623830,Mid Peninsula School District,00,KG,12,G5420,,E,839002181,3170169,+46.0899093,-087.1876611
26,23850,2623850,Milan Area Schools,00,PK,12,G5420,,E,216608625,1037846,+42.0814421,-083.6659692
26,23910,2623910,Millington Community Schools,00,KG,12,G5420,,E,242567597,2629107,+43.2593329,-083.5502496
26,24000,2624000,Mio-AuSable Schools,00,KG,12,G5420,,E,916862977,6373511,+44.6144915,-084.1578001
26,24120,2624120,Mona Shores Public School District,00,KG,12,G5420,,E,49979888,2717698,+43.1707311,-086.2512074
26,24150,2624150,Monroe Public Schools,00,KG,12,G5420,,E,211522907,7782332,+41.9373158,-083.4422926
26,24180,2624180,Montague Area Public Schools,00,PK,12,G5420,,E,238071125,12585372,+43.4799932,-086.3661485
26,24420,2624420,Montrose Community Schools,00,PK,12,G5420,,E,91190855,1806991,+43.1739397,-083.8771020
26,24570,2624570,Morenci Area Schools,00,KG,12,G5420,,E,190656154,351913,+41.7602365,-084.2158682
26,24600,2624600,Morley Stanwood Community Schools,00,KG,12,G5420,,E,409952922,8983893,+43.5510674,-085.4539971
26,24630,2624630,Morrice Area Schools,00,KG,12,G5420,,E,133129280,4473712,+42.8434626,-084.1404769
26,24690,2624690,Mount Clemens Community School District,00,PK,12,G5420,,E,15530551,409956,+42.5957668,-082.8830418
26,24720,2624720,Mount Morris Consolidated School District,00,KG,12,G5420,,E,73850756,390623,+43.1316170,-083.6789495
26,24750,2624750,Mount Pleasant City School District,00,KG,12,G5420,,E,343439317,1949913,+43.6349401,-084.7639347
26,24810,2624810,Munising Public Schools,00,KG,12,G5420,,E,795917076,3730778739,+46.5580045,-086.6799766
26,24840,2624840,Muskegon City School District,00,PK,12,G5420,,E,32493469,12034995,+43.2260837,-086.2617211
26,24870,2624870,Muskegon Heights School District,00,KG,12,G5420,,E,8189182,2456,+43.2019212,-086.2409625
26,24960,2624960,Napoleon Community Schools,00,KG,12,G5420,,E,112982559,8662466,+42.1704499,-084.2546994
26,25020,2625020,Negaunee Public Schools,00,PK,12,G5420,,E,290598688,11710871,+46.4635931,-087.5771990
26,25140,2625140,New Buffalo Area School District,00,KG,12,G5420,,E,59033486,683069,+41.7882743,-086.7226201
26,25230,2625230,New Haven Community Schools,00,PK,12,G5420,,E,123328523,367921,+42.7266076,-082.8449463
26,25290,2625290,New Lothrop Area Public School,00,PK,12,G5420,,E,148158765,1194876,+43.1392105,-083.9978847
26,25320,2625320,Newaygo Public School District,00,KG,12,G5420,,E,216928297,16191536,+43.4230285,-085.7187835
26,25350,2625350,Tahquamenon Area Schools,00,PK,12,G5420,,E,3194661347,2678241966,+46.6568412,-085.5946445
26,25400,2625400,N.I.C.E. Community Schools,00,KG,12,G5420,,E,1567471161,74201530,+46.4841316,-087.8974983
26,25560,2625560,Niles Community School District,00,PK,12,G5420,,E,180575594,4456625,+41.8592659,-086.2355160
26,25650,2625650,North Adams-Jerome Schools,00,KG,12,G5420,,E,165984486,2031908,+41.9783210,-084.4870283
26,25680,2625680,North Branch Area Schools,00,KG,12,G5420,,E,322017873,4356851,+43.2218537,-083.2180931
26,25740,2625740,Grosse Pointe Public Schools,00,KG,12,G5420,,E,28673575,77381964,+42.4443980,-082.8736621
26,25780,2625780,North Huron School District,00,KG,12,G5420,,E,339884613,2191059,+43.9758238,-082.9787818
26,25800,2625800,North Muskegon Public Schools,00,KG,12,G5420,,E,4514409,6785610,+43.2489350,-086.2873438
26,25920,2625920,Northport Public School District,00,KG,12,G5420,,E,123137871,3321822479,+45.4159580,-085.8502457
26,25950,2625950,Northview Public School District,00,PK,12,G5420,,E,34195700,2229462,+43.0334843,-085.5934178
26,25980,2625980,Northville Public Schools,00,KG,12,G5420,,E,66003891,1053051,+42.4252044,-083.5092953
26,26010,2626010,Northwest School District,00,PK,12,G5420,,E,266715563,4719060,+42.3619508,-084.4355198
26,26040,2626040,Norway-Vulcan Area Schools,00,PK,12,G5420,,E,620072528,11860678,+45.8024586,-087.8131984
26,26130,2626130,Novi Community School District,00,PK,12,G5420,,E,47287768,462707,+42.4776300,-083.4855641
26,26190,2626190,Oak Park City School District,00,KG,12,G5420,,E,11276538,0,+42.4587914,-083.1870572
26,26220,2626220,Oakridge Public Schools,00,PK,12,G5420,,E,87171546,10115783,+43.2568371,-086.0825214
26,26280,2626280,Okemos Public Schools,00,KG,12,G5420,,E,58227618,647500,+42.7032903,-084.4219961
26,26370,2626370,Olivet Community Schools,00,KG,12,G5420,,E,278755456,1822483,+42.4412023,-084.8938371
26,26400,2626400,Onaway Area Community School District,00,KG,12,G5420,,E,1027232133,31860007,+45.3742823,-084.1949471
26,26490,2626490,Onekama Consolidated Schools,00,KG,12,G5420,,E,200643568,1164294933,+44.3303075,-086.2806795
26,26520,2626520,Onsted Community Schools,00,KG,12,G5420,,E,236781625,10398519,+41.9938359,-084.1794447
26,26550,2626550,Ontonagon Area Schools,00,KG,12,G5420,,E,1764246773,6255930157,+46.8395681,-089.5032333
26,26760,2626760,Orchard View Schools,00,KG,12,G5420,,E,35446359,229626,+43.2363908,-086.1777322
26,26940,2626940,Dollar Bay-Tamarack City Area Schools,00,KG,12,G5420,,E,61615040,19927993,+47.1341040,-088.4666085
26,26970,2626970,Oscoda Area Schools,00,KG,12,G5420,,E,896726933,1602705616,+44.4073387,-083.3204196
26,27060,2627060,Otsego Public Schools,00,PK,12,G5420,,E,210427662,2246408,+42.4103052,-085.7197813
26,27150,2627150,Ovid-Elsie Area Schools,00,KG,12,G5420,,E,391703030,2779556,+43.0515156,-084.3786732
26,27180,2627180,Owendale-Gagetown Area Schools,00,KG,12,G5420,,E,158802495,284457,+43.6920170,-083.2764068
26,27210,2627210,Owosso Public Schools,00,KG,12,G5420,,E,270784713,4073819,+43.0207065,-084.2008037
26,27240,2627240,Oxford Area Community Schools,00,KG,12,G5420,,E,193220944,7308886,+42.8499134,-083.2405940
26,27420,2627420,Parchment School District,00,KG,12,G5420,,E,37631325,286610,+42.3445619,-085.5642967
26,27660,2627660,Paw Paw Public School District,00,PK,12,G5420,,E,198855857,6584955,+42.2400038,-085.8929158
26,27690,2627690,Peck Community School District,00,KG,12,G5420,,E,172327210,28020,+43.2636547,-082.8121536
26,27720,2627720,Pellston Public Schools,00,KG,12,G5420,,E,583773213,61255735,+45.6088557,-084.8319344
26,27810,2627810,Pennfield School District,00,KG,12,G5420,,E,106117274,2815590,+42.3818180,-085.1137813
26,27840,2627840,Pentwater Public School District,00,KG,12,G5420,,E,89777643,518128827,+43.7331522,-086.4733531
26,27900,2627900,Perry Public School District,00,PK,12,G5420,,E,179922825,5907183,+42.8178549,-084.2584923
26,27930,2627930,Petoskey Public Schools,00,KG,12,G5420,,E,427354761,19799320,+45.3125022,-084.8634944
26,27960,2627960,Pewamo-Westphalia Community School District,00,KG,12,G5420,,E,210737988,1278350,+42.9517725,-084.8108438
26,28020,2628020,Pickford Public Schools,00,KG,12,G5420,,E,546584914,83709850,+46.1434260,-084.3112457
26,28140,2628140,Pinckney Community Schools,00,KG,12,G5420,,E,167969087,13891168,+42.4665175,-083.9237432
26,28170,2628170,Pinconning Area Schools,00,KG,12,G5420,,E,497372950,38999781,+43.8325727,-084.0754310
26,28200,2628200,Pine River Area Schools,00,KG,12,G5420,,E,777757018,6908181,+44.0550212,-085.5509024
26,28500,2628500,Pittsford Area Schools,00,KG,12,G5420,,E,204781737,1450407,+41.8427432,-084.4788731
26,28530,2628530,Plainwell Community Schools,00,PK,12,G5420,,E,171317555,1663187,+42.4370479,-085.6001670
26,28560,2628560,Plymouth-Canton Community Schools,00,KG,12,G5420,,E,156157731,555436,+42.3469691,-083.5167233
26,28740,2628740,Pontiac City School District,00,PK,12,G5420,,E,99370119,3883908,+42.6603696,-083.2788607
26,28810,2628810,Port Hope Community Schools,00,KG,12,G5420,,E,131743914,226292,+43.9541885,-082.7759077
26,28830,2628830,Port Huron Area School District,00,PK,12,G5420,,E,304605188,4978684,+43.0175010,-082.5322872
26,28890,2628890,Houghton-Portage Township Schools,00,KG,12,G5420,,E,246340155,11753929,+46.9684959,-088.6351959
26,28950,2628950,Portage Public Schools,00,KG,12,G5420,,E,103987540,6955297,+42.2051870,-085.5861310
26,29120,2629120,Portland Public School District,00,KG,12,G5420,,E,282588862,6532082,+42.8483643,-084.9068380
26,29130,2629130,Posen Consolidated School District,00,KG,12,G5420,,E,398942015,17277489,+45.2843185,-083.6684178
26,29160,2629160,Potterville Public Schools,00,PK,12,G5420,,E,40426678,867503,+42.6442935,-084.7312159
26,29220,2629220,North Central Area Schools,00,KG,12,G5420,,E,701583746,2255543,+45.8182428,-087.5530703
26,29250,2629250,Quincy Community School District,00,PK,12,G5420,,E,275010310,4219077,+41.9193965,-084.8683970
26,29340,2629340,Rapid River Public Schools,00,KG,12,G5420,,E,758493242,873257712,+45.7704310,-086.9134545
26,29370,2629370,Ravenna Public Schools,00,PK,12,G5420,,E,228206180,2704512,+43.1985643,-085.9628236
26,29400,2629400,Reading Community Schools,00,KG,12,G5420,,E,200845748,3801290,+41.8433161,-084.7767855
26,29460,2629460,Redford Union School District,00,KG,12,G5420,,E,14540088,4823,+42.4153483,-083.2983531
26,29490,2629490,Reed City Area Public Schools,00,KG,12,G5420,,E,555126270,4516737,+43.8618661,-085.5182656
26,29520,2629520,Reese Public Schools,00,PK,12,G5420,,E,219399494,244695,+43.4737445,-083.7081649
26,29540,2629540,Reeths-Puffer Schools,00,PK,12,G5420,,E,192973276,4301224,+43.3058371,-086.2500182
26,29580,2629580,Republic-Michigamme Schools,00,KG,12,G5420,,E,702785936,45093322,+46.5137723,-088.0152854
26,29670,2629670,Richmond Community Schools,00,PK,12,G5420,,E,183894678,1064831,+42.8196751,-082.7371803
26,29760,2629760,River Rouge School District,00,KG,12,G5420,,E,7331536,1536824,+42.2743459,-083.1241616
26,29790,2629790,River Valley School District,00,PK,12,G5420,,E,208540943,1399672,+41.8476364,-086.5780666
26,29910,2629910,Riverview Community School District,00,KG,12,G5420,,E,14334172,277594,+42.1738498,-083.1916345
26,29940,2629940,Rochester Community School District,00,KG,12,G5420,,E,159929474,2792299,+42.7019977,-083.1452266
26,30030,2630030,Rockford Public Schools,00,KG,12,G5420,,E,217797540,8847562,+43.1043786,-085.5155753
26,30060,2630060,Rogers City Area Schools,00,KG,12,G5420,,E,480857440,7118542,+45.3462719,-083.9070795
26,30090,2630090,Romeo Community Schools,00,KG,12,G5420,,E,218907705,2800689,+42.7906014,-083.0291191
26,30120,2630120,Romulus Community Schools,00,PK,12,G5420,,E,90247559,890506,+42.2285999,-083.3614903
26,30210,2630210,Roseville Community Schools,00,PK,12,G5420,,E,23605794,74007,+42.5067504,-082.9363471
26,30300,2630300,Royal Oak City School District,00,PK,12,G5420,,E,31803136,12002,+42.5089951,-083.1546100
26,30360,2630360,Rudyard Area Schools,00,KG,12,G5420,,E,1025255877,14261114,+46.2241958,-084.7867885
26,30390,2630390,Saginaw City School District,00,PK,12,G5420,,E,84003089,3074430,+43.4154207,-083.9342135
26,30450,2630450,Saginaw Township Community Schools,00,PK,12,G5420,,E,64125575,988909,+43.4494941,-084.0222545
26,30480,2630480,North Dickinson County Schools,00,KG,12,G5420,,E,1294205295,18361471,+46.1060879,-087.9024565
26,30660,2630660,Saline Area Schools,00,PK,12,G5420,,E,246713556,1211993,+42.1654107,-083.8141835
26,30780,2630780,Sand Creek Community Schools,00,KG,12,G5420,,E,202936541,280902,+41.7951529,-084.0757783
26,30840,2630840,Sandusky Community School District,00,KG,12,G5420,,E,396280686,208555,+43.4290095,-082.8663331
26,30930,2630930,Saranac Community Schools,00,KG,12,G5420,,E,183885220,2826452,+42.9300510,-085.2069820
26,30960,2630960,Saugatuck Public Schools,00,PK,12,G5420,,E,54237171,3044163,+42.6714786,-086.1865841
26,30990,2630990,Sault Ste. Marie Area Schools,00,PK,12,G5420,,E,561729473,139658660,+46.3835767,-084.2747496
26,31020,2631020,Schoolcraft Community Schools,00,KG,12,G5420,,E,129373821,2449516,+42.1173118,-085.6759993
26,31320,2631320,Shelby Public Schools,00,KG,12,G5420,,E,372597541,997803566,+43.6141883,-086.5358261
26,31380,2631380,Shepherd Public School District,00,KG,12,G5420,,E,290179385,1041639,+43.5314949,-084.7173631
26,32220,2632220,South Lake Schools,00,KG,12,G5420,,E,10931217,503839,+42.4600234,-082.9028495
26,32250,2632250,South Lyon Community Schools,00,PK,12,G5420,,E,202763692,4467002,+42.4479401,-083.6355462
26,32280,2632280,South Redford School District,00,KG,12,G5420,,E,14073842,4066,+42.3733604,-083.2927594
26,32300,2632300,South Haven Public Schools,00,KG,12,G5420,,E,185257776,1080088,+42.4154791,-086.2153287
26,32310,2632310,Southfield Public School District,00,PK,12,G5420,,E,67936857,14814,+42.4772493,-083.2625479
26,32340,2632340,Southgate Community School District,00,KG,12,G5420,,E,18703426,12035,+42.2049746,-083.2065107
26,32370,2632370,Sparta Area Schools,00,KG,12,G5420,,E,187693333,2943880,+43.1519272,-085.7368340
26,32550,2632550,Spring Lake Public Schools,00,PK,12,G5420,,E,83205279,7739441,+43.0682101,-086.1096708
26,32610,2632610,Springport Public Schools,00,KG,12,G5420,,E,257704906,4849827,+42.3568987,-084.6814298
26,32640,2632640,St. Charles Community Schools,00,KG,12,G5420,,E,177416692,3812530,+43.3002055,-084.1634282
26,32670,2632670,Lake Shore Public Schools,00,KG,12,G5420,,E,11407592,57975,+42.5220505,-082.8938183
26,32820,2632820,St. Johns Public Schools,00,PK,12,G5420,,E,527877747,1730947,+42.9797211,-084.5734344
26,32850,2632850,St. Joseph Public Schools,00,PK,12,G5420,,E,41909755,1929824,+42.0607758,-086.4568430
26,32880,2632880,St. Louis Public Schools,00,PK,12,G5420,,E,222212659,2532653,+43.4588640,-084.5783590
26,32910,2632910,West Iron County Public Schools,00,PK,12,G5420,,E,1438016935,47757568,+46.2196502,-088.7490293
26,32940,2632940,Standish-Sterling Community School District,00,PK,12,G5420,,E,551372482,322558779,+43.9902914,-083.9210759
26,33000,2633000,Stephenson Area Public Schools,00,PK,12,G5420,,E,1013120870,376818425,+45.4268760,-087.4843762
26,33030,2633030,Stockbridge Community Schools,00,KG,12,G5420,,E,324717703,8197157,+42.4423813,-084.1792809
26,33090,2633090,Sturgis Public Schools,00,KG,12,G5420,,E,171668272,4897887,+41.8028372,-085.4145721
26,33120,2633120,Summerfield School District,00,KG,12,G5420,,E,108942084,904656,+41.8826610,-083.7036799
26,33360,2633360,Suttons Bay Public Schools,00,KG,12,G5420,,E,123499625,90412357,+44.9439904,-085.6410419
26,33410,2633410,Swan Valley School District,00,PK,12,G5420,,E,80603642,7428125,+43.3828173,-084.0669760
26,33420,2633420,Swartz Creek Community Schools,00,KG,12,G5420,,E,185025361,262722,+42.9379751,-083.8360951
26,33510,2633510,Tawas Area Schools,00,KG,12,G5420,,E,434128132,2024280924,+44.3358920,-083.3460943
26,33540,2633540,Taylor School District,00,PK,12,G5420,,E,67010326,109140,+42.2226675,-083.2787209
26,33720,2633720,Tecumseh Public Schools,00,KG,12,G5420,,E,201033756,1648120,+42.0020394,-083.9566052
26,33750,2633750,Tekonsha Community Schools,00,KG,12,G5420,,E,130150133,2738263,+42.1120663,-084.9903530
26,33810,2633810,Thornapple Kellogg School District,00,PK,12,G5420,,E,292391870,10785125,+42.6973873,-085.4487100
26,33840,2633840,Three Rivers Community Schools,00,PK,12,G5420,,E,294709141,14576478,+41.9795526,-085.6759423
26,33870,2633870,Traverse City Area Public Schools,00,KG,12,G5420,,E,690731055,350636399,+44.7923079,-085.5865043
26,33900,2633900,Trenton Public Schools,00,PK,12,G5420,,E,15860498,573390,+42.1351157,-083.1957699
26,33930,2633930,Tri County Area Schools,00,KG,12,G5420,,E,318760531,10371851,+43.3718605,-085.5234431
26,34260,2634260,Troy School District,00,PK,12,G5420,,E,68621388,415720,+42.5838824,-083.1455329
26,34380,2634380,Ubly Community Schools,00,KG,12,G5420,,E,444690222,319804,+43.6897419,-082.8885138
26,34410,2634410,Union City Community Schools,00,KG,12,G5420,,E,255964890,4469561,+42.0630676,-085.1347832
26,34440,2634440,Unionville-Sebewaing Area School District,00,KG,12,G5420,,E,305710117,392139920,+43.6641929,-083.4962877
26,34470,2634470,Utica Community Schools,00,PK,12,G5420,,E,171572239,2968358,+42.6461116,-083.0281777
26,34560,2634560,Van Buren Public Schools,00,KG,12,G5420,,E,140756482,6252064,+42.2064310,-083.4869050
26,34620,2634620,Vanderbilt Area Schools,00,KG,12,G5420,,E,348066804,4167782,+45.1511339,-084.5732837
26,34650,2634650,Vandercook Lake Public Schools,00,KG,12,G5420,,E,12834656,778385,+42.1941920,-084.3855013
26,34680,2634680,Van Dyke Public Schools,00,KG,12,G5420,,E,12711565,2622,+42.4640696,-083.0081556
26,34710,2634710,Vassar Public Schools,00,KG,12,G5420,,E,218290246,1768686,+43.3759014,-083.5686496
26,34920,2634920,Vestaburg Community Schools,00,KG,12,G5420,,E,173923704,1622854,+43.4046260,-084.9103437
26,34950,2634950,Vicksburg Community Schools,00,PK,12,G5420,,E,268090453,11793445,+42.1211946,-085.4656947
26,35010,2635010,Wakefield-Marenisco School District,00,PK,12,G5420,,E,1292078081,42372165,+46.4505755,-089.7143807
26,35040,2635040,Waldron Area Schools,00,KG,12,G5420,,E,151943801,945423,+41.7458628,-084.4287389
26,35130,2635130,Walkerville Rural Community School District,00,PK,12,G5420,,E,271766921,22910137,+43.7539793,-086.0505413
26,35160,2635160,Walled Lake Consolidated Schools,00,PK,12,G5420,,E,128515464,12838190,+42.5593235,-083.4699015
26,35190,2635190,Warren Consolidated Schools,00,KG,12,G5420,,E,78149486,334871,+42.5349303,-083.0454193
26,35220,2635220,Warren Woods Public Schools,00,KG,12,G5420,,E,12875698,2276,+42.4999433,-082.9850915
26,35310,2635310,Waterford School District,00,KG,12,G5420,,E,88460034,14380101,+42.6595589,-083.3937836
26,35340,2635340,Watersmeet Township School District,00,KG,12,G5420,,E,659909389,59529251,+46.2516551,-089.2107233
26,35460,2635460,Watervliet School District,00,KG,12,G5420,,E,93943959,3660205,+42.1479025,-086.2550244
26,35520,2635520,Waverly Community Schools,00,PK,12,G5420,,E,42609790,1129439,+42.7355052,-084.6242545
26,35550,2635550,Wayland Union Schools,00,KG,12,G5420,,E,225843774,6005388,+42.6769327,-085.6342523
26,35730,2635730,Webberville Community Schools,00,KG,12,G5420,,E,102311573,290515,+42.6705545,-084.1847490
26,35820,2635820,West Bloomfield School District,00,KG,12,G5420,,E,33834551,9550906,+42.5764889,-083.3778893
26,35850,2635850,West Branch-Rose City Area Schools,00,KG,12,G5420,,E,1319243657,21186137,+44.3281655,-084.1891148
26,35910,2635910,West Ottawa Public School District,00,PK,12,G5420,,E,183743886,5789790,+42.8539067,-086.1347047
26,35940,2635940,Western School District,00,PK,12,G5420,,E,173871820,1226234,+42.2641997,-084.5672484
26,35970,2635970,Westwood Heights Schools,00,PK,12,G5420,,E,25624590,18890,+43.0679431,-083.7570081
26,36060,2636060,White Cloud Public Schools,00,PK,12,G5420,,E,519196157,38147412,+43.6054212,-085.7351339
26,36120,2636120,White Pigeon Community Schools,00,KG,12,G5420,,E,141665415,10608064,+41.7932622,-085.6717518
26,36240,2636240,Whitefish Township Schools,00,KG,12,G5420,,E,625472092,93150256,+46.6062175,-085.1141883
26,36270,2636270,Whiteford Agricultural School District,00,PK,12,G5420,,E,110842071,1169829,+41.7718088,-083.7203858
26,36300,2636300,Whitehall School District,00,PK,12,G5420,,E,149352643,13415560,+43.3877564,-086.3017862
26,36330,2636330,Whitmore Lake Public Schools,00,KG,12,G5420,,E,61536127,3291502,+42.3913102,-083.7464743
26,36390,2636390,Whittemore-Prescott Area Schools,00,KG,12,G5420,,E,421810405,6303670,+44.2158194,-083.8944050
26,36420,2636420,Williamston Community Schools,00,KG,12,G5420,,E,152379172,1021210,+42.6882106,-084.2973412
26,36450,2636450,Willow Run Community Schools,00,PK,12,G5420,,E,41220626,312995,+42.2845580,-083.5711750
26,36480,2636480,Wolverine Community Schools,00,KG,12,G5420,,E,420192793,4226756,+45.2644278,-084.5545039
26,36485,2636485,Woodhaven-Brownstown School District,00,KG,12,G5420,,E,55318920,83966,+42.1459547,-083.2712506
26,36540,2636540,Wyandotte City School District,00,KG,12,G5420,,E,13708642,4414263,+42.2106735,-083.1572083
26,36570,2636570,Wyoming Public Schools,00,KG,12,G5420,,E,28640887,320215,+42.8994008,-085.7072379
26,36600,2636600,Yale Public Schools,00,KG,12,G5420,,E,403208619,2040686,+43.0808357,-082.7461941
26,36630,2636630,Ypsilanti School District,00,PK,12,G5420,,E,60970638,2108760,+42.2487353,-083.6268492
26,36660,2636660,Zeeland Public Schools,00,KG,12,G5420,,E,246191996,502289,+42.8461871,-085.9944890
26,99997,2699997,School District Not Defined,00,PK,12,G5420,,F,76626,23541910095,+43.6990473,-083.5069481
